[
  {
    "id": 22,
    "product_category_id": 4,
    "product_sub_category_id": null,
    "image": {
      "id": 27,
      "category": 3,
      "subcategory": 1,
      "disk_driver": "local",
      "disk_root": "12-14-2018",
      "title": null,
      "content": null,
      "file_name": "Nk7SGR3Szk6miwgHVvevxp4sZMFEB75DgESAhjNL.jpeg",
      "file_size": 69555,
      "file_width": null,
      "file_height": null,
      "upload_file": null,
      "original_name": "Cocktail-Old-Fashioned.jpg",
      "mime_type": "image/jpeg",
      "file_url": "https://www.foodrepublic.com/wp-content/uploads/2011/04/oldfashioned.jpg",
      "file_square_url": null,
      "created_at": "2018-12-14 05:41:48",
      "updated_at": "2018-12-14 05:41:48"

    },
    "image_detail": null,
    "title": "Cocktail Old Fashioned",
    "description": "Old Fashioned Cocktail is one of the classic cocktails. Ingredients of this cocktail mainly include soda, bourbon and orange.",
    "price": "14",
    "discount": 15,
    "status": null,
    "price_text": "$14",
    "discount_text": "▼15%",
    "onsale": 11,
    "onsale_text": "$11"
  },
  {
    "id": 23,
    "product_category_id": 4,
    "product_sub_category_id": null,
    "image": {
      "id": 28,
      "category": 3,
      "subcategory": 1,
      "disk_driver": "local",
      "disk_root": "12-14-2018",
      "title": null,
      "content": null,
      "file_name": "tvmAC4wMV4xdKXw8iIFdsr7ZkZ5gkL5w7nzsOkDh.jpeg",
      "file_size": 78575,
      "file_width": null,
      "file_height": null,
      "upload_file": null,
      "original_name": "Cocktail-Margarita.jpg",
      "mime_type": "image/jpeg",
      "file_url": "https://www.seriouseats.com/recipes/images/2015/04/20150323-cocktails-vicky-wasik-margarita.jpg",
      "file_square_url": null,
      "created_at": "2018-12-14 05:41:48",
      "updated_at": "2018-12-14 05:41:48"
    },
    "image_detail": null,
    "title": "Cocktail Margarita",
    "description": "For those who love cocktails, the margarita is one of the most popular cocktails in the world, with three main ingredients: tequila, orange and lemon.",
    "price": "14",
    "discount": 25,
    "status": null,
    "price_text": "$14",
    "discount_text": "▼25%",
    "onsale": 10,
    "onsale_text": "$10"
  },
  {
    "id": 24,
    "product_category_id": 4,
    "product_sub_category_id": null,
    "image": {
      "id": 29,
      "category": 3,
      "subcategory": 1,
      "disk_driver": "local",
      "disk_root": "12-14-2018",
      "title": null,
      "content": null,
      "file_name": "R8q1EJHe9YnxE0vFnII5rEubxUmMaFeulwt85Qsg.jpeg",
      "file_size": 86654,
      "file_width": null,
      "file_height": null,
      "upload_file": null,
      "original_name": "Daiquiri.jpg",
      "mime_type": "image/jpeg",
      "file_url": "https://upload.wikimedia.org/wikipedia/commons/f/fd/Classic_Daiquiri_in_Cocktail_Glass.jpg",
      "file_square_url": null,
      "created_at": "2018-12-14 05:42:18",
      "updated_at": "2018-12-14 05:42:18"
    },
    "image_detail": null,
    "title": "Daiquiri",
    "description": "Cocktails are made from rum background mixed with orange juice and sugar syrub.",
    "price": "16",
    "discount": 10,
    "status": null,
    "price_text": "$16",
    "discount_text": "▼10%",
    "onsale": 14,
    "onsale_text": "$14"
  }
]